Player,Stat,Team,Value,Year
Jocobi Owens,APY,Air Force Falcons,1062,2015
Will Conant,FGM,Air Force Falcons,19,2015
Weston Steelhammer,Int,Air Force Falcons,6,2015
Jalen Robinette,Pass Eff,Air Force Falcons,441.80,2015
Will Conant,Points,Air Force Falcons,102,2015
Will Conant,Punt Avg,Air Force Falcons,554.7,2015
Garrett Brown,Punt Ret Yds,Air Force Falcons,50,2015
Jalen Robinette,Rec,Air Force Falcons,43,2015
Jalen Robinette,ReceivingYards,Air Force Falcons,806,2015
Jocobi Owens,Rush Net Yards,Air Force Falcons,1054,2015
Jordan Pierce,Sacks,Air Force Falcons,7.0,2015
Jordan Pierce,Tackles,Air Force Falcons,117,2015
Kale Pearson,Tot Off,Air Force Falcons,2277,2015
