Team, Year, Stat, LinkAir Force Falcons,2013-14,Passing,http://stats.ncaa.org/team/721/stats?id=11520&year_stat_category_id=10392
Air Force Falcons,2013-14,Receiving,http://stats.ncaa.org/team/721/stats?id=11520&year_stat_category_id=10393
Air Force Falcons,2013-14,Total Offense,http://stats.ncaa.org/team/721/stats?id=11520&year_stat_category_id=10394
Air Force Falcons,2013-14,All-Purpose Yards,http://stats.ncaa.org/team/721/stats?id=11520&year_stat_category_id=10395
Air Force Falcons,2013-14,Scoring,http://stats.ncaa.org/team/721/stats?id=11520&year_stat_category_id=10396
Air Force Falcons,2013-14,Sacks,http://stats.ncaa.org/team/721/stats?id=11520&year_stat_category_id=10397
Air Force Falcons,2013-14,Tackles,http://stats.ncaa.org/team/721/stats?id=11520&year_stat_category_id=10398
Air Force Falcons,2013-14,Passes Defended,http://stats.ncaa.org/team/721/stats?id=11520&year_stat_category_id=10399
Air Force Falcons,2013-14,Fumbles,http://stats.ncaa.org/team/721/stats?id=11520&year_stat_category_id=10400
Air Force Falcons,2013-14,Kicking,http://stats.ncaa.org/team/721/stats?id=11520&year_stat_category_id=10401
Air Force Falcons,2013-14,Punting,http://stats.ncaa.org/team/721/stats?id=11520&year_stat_category_id=10402
Air Force Falcons,2013-14,Punt Returns,http://stats.ncaa.org/team/721/stats?id=11520&year_stat_category_id=10403
Air Force Falcons,2013-14,Kickoffs and KO Returns,http://stats.ncaa.org/team/721/stats?id=11520&year_stat_category_id=10404
Air Force Falcons,2013-14,Redzone,http://stats.ncaa.org/team/721/stats?id=11520&year_stat_category_id=10405
Air Force Falcons,2013-14,Defense,http://stats.ncaa.org/team/721/stats?id=11520&year_stat_category_id=10420
Air Force Falcons,2013-14,Turnover Margin,http://stats.ncaa.org/team/721/stats?id=11520&year_stat_category_id=10440
Air Force Falcons,2013-14,Participation,http://stats.ncaa.org/team/721/stats?id=11520&year_stat_category_id=10500
